{
  "controller/OrderDetails.controller.js": 1621617971693,
  "controller/MasterEmployee.controller.js": 1621345874978,
  "model/json/Employees.json": 1621614593181,
  "model/json/Countries.json": 1621614590822,
  "manifest.json": 1621618551793,
  "model/models.js": 1618150010600,
  "model/formatter.js": 1619881919174,
  "i18n/i18n.properties": 1621282234478,
  "model/json/Layout.json": 1621614595254,
  "controller/Main.controller.js": 1621615078602,
  "controller/EmployeeDetails.controller.js": 1620763745918,
  "controller/Base.controller.js": 1620763610430,
  "controller/App.controller.js": 1620461491207,
  "control/Signature.js": 1621618534262,
  "Component.js": 1619969922495,
  "manifest-bundle.zip": 1621618551437,
  "Component-preload.js": 1621618551710,
  "Component-dbg.js": 1619969922495,
  "model/formatter-dbg.js": 1619881919174,
  "controller/OrderDetails-dbg.controller.js": 1621617971693,
  "controller/MasterEmployee-dbg.controller.js": 1621345874978,
  "controller/Main-dbg.controller.js": 1621615078602,
  "controller/EmployeeDetails-dbg.controller.js": 1620763745918,
  "controller/Base-dbg.controller.js": 1620763610430,
  "controller/App-dbg.controller.js": 1620461491207,
  "control/Signature-dbg.js": 1621618534262,
  "model/models-dbg.js": 1618150010600,
  "resources.json": 1621618551796,
  "view/OrderDetails.view.xml": 1621616919248,
  "view/MasterEmployee.view.xml": 1619555227554,
  "view/Main.view.xml": 1620461325867,
  "view/EmployeeDetails.view.xml": 1620459245419,
  "view/App.view.xml": 1620461523703,
  "fragment/TableOrders.fragment.xml": 1620463201604,
  "fragment/TableEmployee.fragment.xml": 1619937339983,
  "fragment/NewIncidence.fragment.xml": 1620377283951,
  "fragment/DialogOrders.fragment.xml": 1620458471565,
  "css/style.css": 1619862024932,
  "index.html": 1621350468018
}